id,first_name,last_name,email,gender,ip_address
1,Jamill,Findlay,jfindlay0@wikia.com,Male,29.252.148.24
2,Elke,Broek,ebroek1@sourceforge.net,Female,199.213.117.255
3,Carmita,Bestall,cbestall2@yellowpages.com,Genderqueer,195.218.45.245
4,Alayne,Morrant,amorrant3@state.gov,Female,82.231.22.234
5,Chaunce,Garr,cgarr4@google.fr,Female,22.219.203.144
6,Augusto,Goldie,agoldie5@barnesandnoble.com,Male,159.39.5.60
7,Quintilla,Manneville,qmanneville6@pagesperso-orange.fr,Female,103.112.10.73
8,Lalo,MacNess,lmacness7@businesswire.com,Female,119.207.242.249
9,Justino,Ive,jive8@illinois.edu,Female,71.31.153.80
10,Barry,Oda,boda9@exblog.jp,Female,227.249.34.193
11,Tremain,Deddum,tdedduma@github.com,Female,55.190.220.131
12,Garwood,Pigot,gpigotb@apache.org,Genderfluid,180.21.104.80
13,Jeri,Dakhno,jdakhnoc@aboutads.info,Male,64.232.154.92
14,Jocelyn,Frankcombe,jfrankcombed@wsj.com,Male,213.150.126.18
15,Mirabella,Trewhela,mtrewhelae@washingtonpost.com,Male,165.226.188.240
16,Lexine,Feedham,lfeedhamf@samsung.com,Female,58.205.156.60
17,Viole,Buxsey,vbuxseyg@dagondesign.com,Female,17.52.59.153
18,Juieta,Wantling,jwantlingh@jimdo.com,Female,45.100.134.4
19,Olin,Minnis,ominnisi@economist.com,Female,108.152.150.99
20,Ekaterina,Keslake,ekeslakej@smugmug.com,Female,219.61.9.22
21,Selie,Palfreeman,spalfreemank@noaa.gov,Female,68.80.65.224
22,Tilly,Argente,targentel@skype.com,Male,163.193.174.234
23,Christine,Mockes,cmockesm@bluehost.com,Female,95.195.19.194
24,Nat,Guillotin,nguillotinn@msu.edu,Female,57.20.59.72
25,Teresina,Ingerson,tingersono@buzzfeed.com,Male,162.146.80.146
26,Jackson,Boxall,jboxallp@mail.ru,Female,167.222.35.152
27,Devi,Bartzen,dbartzenq@rambler.ru,Female,157.213.118.36
28,Toiboid,Harford,tharfordr@uiuc.edu,Female,146.37.204.233
29,Delmor,Seyfart,dseyfarts@amazon.co.jp,Female,40.85.171.69
30,Rooney,Biddell,rbiddellt@macromedia.com,Female,117.188.226.221
31,Allistir,Doumic,adoumicu@ebay.co.uk,Female,111.252.250.224
32,Zeb,Finey,zfineyv@privacy.gov.au,Male,186.161.69.246
33,Olav,Yoskowitz,oyoskowitzw@qq.com,Female,218.190.232.251
34,Prentiss,Wisby,pwisbyx@hexun.com,Female,151.52.91.9
35,Erinna,Spaight,espaighty@dot.gov,Polygender,91.189.216.0
36,Harold,Rockcliff,hrockcliffz@geocities.jp,Female,165.153.87.154
37,Martyn,Bruneau,mbruneau10@newsvine.com,Male,230.208.186.136
38,Grenville,Brun,gbrun11@bloomberg.com,Female,52.247.252.12
39,Cathie,Laviss,claviss12@cdc.gov,Male,152.203.192.169
40,Rachelle,Southernwood,rsouthernwood13@toplist.cz,Male,225.137.207.242
41,Edvard,Glader,eglader14@usgs.gov,Female,247.117.211.205
42,Hodge,Cowderay,hcowderay15@epa.gov,Female,166.28.3.139
43,Lane,Livesey,llivesey16@telegraph.co.uk,Male,65.47.170.23
44,Jeffrey,Trott,jtrott17@fema.gov,Female,70.54.231.189
45,Gillan,Duce,gduce18@jalbum.net,Male,247.239.100.83
46,Roobbie,O'Mailey,romailey19@apple.com,Male,48.156.74.203
47,Rebeca,Elizabeth,relizabeth1a@yale.edu,Female,117.254.163.176
48,Lyda,Garbett,lgarbett1b@taobao.com,Female,237.129.79.126
49,Aloise,Heathwood,aheathwood1c@about.com,Female,164.216.32.229
50,Elka,McBayne,emcbayne1d@indiegogo.com,Female,91.162.132.145
51,Paulita,Stanway,pstanway1e@alibaba.com,Male,171.113.166.128
52,Nat,Lindenbaum,nlindenbaum1f@infoseek.co.jp,Male,107.58.97.135
53,Jillana,Eads,jeads1g@wisc.edu,Male,177.183.139.75
54,Natty,Bensen,nbensen1h@naver.com,Female,223.147.250.133
55,Pansie,Ambrosch,pambrosch1i@cocolog-nifty.com,Female,200.176.111.41
56,Chandra,Dickerson,cdickerson1j@nbcnews.com,Female,6.144.156.38
57,Marga,Vineall,mvineall1k@people.com.cn,Male,76.106.126.76
58,Theodore,Suarez,tsuarez1l@ibm.com,Male,70.0.104.209
59,Glen,Ellen,gellen1m@newsvine.com,Female,34.253.91.212
60,Jesselyn,De la Barre,jdelabarre1n@kickstarter.com,Genderqueer,131.209.161.174
61,Keefer,Keepin,kkeepin1o@gravatar.com,Female,189.16.207.209
62,Zorine,Klaussen,zklaussen1p@mail.ru,Female,103.144.16.1
63,Belinda,Breewood,bbreewood1q@reuters.com,Female,229.51.193.3
64,Deidre,Nerney,dnerney1r@telegraph.co.uk,Male,5.246.232.126
65,Wright,Baynard,wbaynard1s@seattletimes.com,Male,149.25.209.14
66,Axe,Dagless,adagless1t@blog.com,Female,122.50.49.183
67,Ivy,Briiginshaw,ibriiginshaw1u@sfgate.com,Male,75.229.163.111
68,Charmine,Crothers,ccrothers1v@flickr.com,Female,86.85.138.66
69,Paddie,Corradetti,pcorradetti1w@disqus.com,Female,141.97.248.180
70,Fidela,Zmitruk,fzmitruk1x@guardian.co.uk,Female,237.4.39.216
71,Blondelle,Brewster,bbrewster1y@cisco.com,Female,133.62.3.216
72,Marius,Wybourne,mwybourne1z@google.nl,Female,4.13.176.230
73,Griz,Heardman,gheardman20@netvibes.com,Female,17.200.44.0
74,Emilee,Adolphine,eadolphine21@mozilla.org,Female,179.19.96.213
75,Philly,Esseby,pesseby22@jalbum.net,Male,252.145.66.181
76,Ferdie,Goundry,fgoundry23@opensource.org,Female,194.15.154.195
77,Forrester,Ansley,fansley24@apache.org,Female,74.76.155.51
78,Ophelie,Romanski,oromanski25@people.com.cn,Female,206.203.8.143
79,Alister,Gueny,agueny26@ucoz.ru,Male,187.148.242.228
80,Evelyn,Waymont,ewaymont27@google.co.uk,Male,248.148.203.71
81,Andros,Hecks,ahecks28@seattletimes.com,Male,125.45.169.252
82,Celisse,Jaques,cjaques29@php.net,Male,50.252.140.161
83,Emylee,Yegoshin,eyegoshin2a@ibm.com,Female,225.40.103.227
84,Brit,Dufore,bdufore2b@ibm.com,Female,64.173.48.110
85,Jessee,Hundall,jhundall2c@mozilla.com,Male,65.37.3.146
86,Galvan,Goodanew,ggoodanew2d@ycombinator.com,Female,243.13.137.114
87,Ches,Maun,cmaun2e@marketwatch.com,Agender,154.247.138.154
88,Nessie,Spyer,nspyer2f@opera.com,Female,185.149.48.48
89,Ainslie,Doberer,adoberer2g@hibu.com,Female,224.175.134.221
90,Catlaina,Arnao,carnao2h@fc2.com,Non-binary,84.173.166.218
91,Shaine,Horribine,shorribine2i@nytimes.com,Male,253.48.101.128
92,Yul,Gilvear,ygilvear2j@rambler.ru,Polygender,204.42.123.228
93,Tallie,Fearney,tfearney2k@ft.com,Male,118.244.173.69
94,Erina,Artinstall,eartinstall2l@e-recht24.de,Male,85.156.214.0
95,Gar,Esplin,gesplin2m@mayoclinic.com,Male,150.19.79.205
96,Hyacinthie,Raatz,hraatz2n@mac.com,Female,216.190.39.33
97,Lynsey,Willars,lwillars2o@smugmug.com,Female,177.126.60.31
98,Dorothee,Stancer,dstancer2p@cnet.com,Female,164.68.186.224
99,Dale,Lamdin,dlamdin2q@wordpress.org,Male,78.122.94.86
100,Goddard,Cruz,gcruz2r@state.tx.us,Male,118.30.213.40
101,Rayshell,Flohard,rflohard2s@yahoo.co.jp,Female,156.65.194.74
102,Tabor,Dexter,tdexter2t@smh.com.au,Male,121.211.183.242
103,Waite,Greenwood,wgreenwood2u@miitbeian.gov.cn,Female,186.255.46.66
104,Arman,Inglesant,ainglesant2v@usa.gov,Male,248.135.31.122
105,Lyda,Manie,lmanie2w@jugem.jp,Female,126.80.153.112
106,Adam,Robilart,arobilart2x@google.ca,Female,185.164.237.9
107,Phillie,Debney,pdebney2y@purevolume.com,Genderfluid,217.244.154.173
108,Franky,Macknish,fmacknish2z@drupal.org,Genderqueer,39.158.37.166
109,Dolly,Malby,dmalby30@usnews.com,Bigender,239.155.230.80
110,Mendie,Van Dalen,mvandalen31@spotify.com,Male,92.81.237.184
111,Cacilia,Stroband,cstroband32@nsw.gov.au,Female,119.218.150.156
112,Alvira,Headey,aheadey33@devhub.com,Male,81.147.207.31
113,Antonella,Abramzon,aabramzon34@ustream.tv,Genderfluid,116.28.3.109
114,Gaylor,Barhem,gbarhem35@people.com.cn,Female,75.132.34.1
115,Maurizia,Waddington,mwaddington36@loc.gov,Male,205.109.248.59
116,Wally,Pierton,wpierton37@sbwire.com,Male,228.97.11.81
117,Kial,Blackmore,kblackmore38@apache.org,Male,170.41.152.229
118,Mariejeanne,Tarborn,mtarborn39@smugmug.com,Female,141.112.105.178
119,Ingra,Clorley,iclorley3a@nih.gov,Male,14.55.70.222
120,Kinny,Cheeld,kcheeld3b@cloudflare.com,Male,1.213.89.65
121,Anetta,Pow,apow3c@oracle.com,Male,204.60.127.90
122,Missy,Izkovitz,mizkovitz3d@cpanel.net,Female,142.219.145.65
123,Doug,Youle,dyoule3e@arizona.edu,Genderqueer,24.153.3.60
124,Constantin,Cornilli,ccornilli3f@howstuffworks.com,Agender,53.92.209.217
125,Jaclyn,Fahrenbach,jfahrenbach3g@spotify.com,Female,110.165.75.184
126,Rutger,Sember,rsember3h@timesonline.co.uk,Genderqueer,24.10.172.244
127,Melva,Boole,mboole3i@elpais.com,Female,22.121.23.82
128,Stanwood,Saunter,ssaunter3j@earthlink.net,Male,37.202.232.207
129,Imojean,Bramont,ibramont3k@apache.org,Female,111.147.101.48
130,Sullivan,Milroy,smilroy3l@vkontakte.ru,Female,129.48.51.218
131,Tabitha,Syplus,tsyplus3m@ftc.gov,Male,145.92.91.45
132,Westbrooke,Gebhardt,wgebhardt3n@usatoday.com,Female,8.177.98.249
133,Linc,Corneil,lcorneil3o@devhub.com,Male,7.212.155.9
134,Worthy,Gothliff,wgothliff3p@accuweather.com,Male,170.106.219.68
135,Fonsie,Angelini,fangelini3q@nature.com,Female,115.36.232.207
136,Kristoforo,Aisbett,kaisbett3r@europa.eu,Female,237.155.132.249
137,Briney,Hudless,bhudless3s@nationalgeographic.com,Female,67.27.224.185
138,Melita,Radmer,mradmer3t@rambler.ru,Female,108.45.62.32
139,Gerladina,Prozescky,gprozescky3u@opensource.org,Male,112.78.61.96
140,Layton,Kislingbury,lkislingbury3v@cnet.com,Female,151.164.216.51
141,Bobette,More,bmore3w@google.nl,Male,238.66.218.120
142,Nolie,Acum,nacum3x@imageshack.us,Female,145.229.69.84
143,Carlina,Knoles,cknoles3y@sohu.com,Female,107.231.196.80
144,Shana,Fort,sfort3z@netvibes.com,Agender,253.181.211.110
145,Sigfrid,Havesides,shavesides40@ovh.net,Male,106.98.156.30
146,Michell,Dutnell,mdutnell41@yale.edu,Female,83.120.34.127
147,Leela,Skitt,lskitt42@infoseek.co.jp,Female,230.123.19.9
148,Yehudit,Faucherand,yfaucherand43@senate.gov,Non-binary,112.232.234.236
149,Worthington,Dean,wdean44@drupal.org,Genderqueer,225.102.191.212
150,Boigie,Jiru,bjiru45@free.fr,Male,193.31.201.205
151,Tedra,Whitaker,twhitaker46@irs.gov,Female,172.70.194.11
152,Ora,Streatfeild,ostreatfeild47@dailymail.co.uk,Male,230.87.234.23
153,Carlin,Bennoe,cbennoe48@ft.com,Male,252.219.164.148
154,Shelton,Pates,spates49@ucoz.ru,Male,236.78.72.203
155,Janel,Biskupski,jbiskupski4a@slate.com,Male,148.110.66.114
156,Daria,Beldham,dbeldham4b@barnesandnoble.com,Genderqueer,49.235.137.77
157,Lorena,Dudderidge,ldudderidge4c@moonfruit.com,Female,231.222.101.119
158,Rhonda,Oxburgh,roxburgh4d@jugem.jp,Female,111.160.154.82
159,Carling,Coates,ccoates4e@earthlink.net,Female,6.226.162.85
160,Minny,Lennon,mlennon4f@cornell.edu,Male,170.108.196.148
161,Mac,Rosenstock,mrosenstock4g@w3.org,Male,33.28.152.46
162,Paton,Duferie,pduferie4h@fc2.com,Polygender,25.220.247.67
163,Sayre,Askie,saskie4i@macromedia.com,Male,145.13.163.77
164,Bonita,Paulisch,bpaulisch4j@histats.com,Female,176.150.3.216
165,Neall,Gelletly,ngelletly4k@microsoft.com,Male,26.54.97.72
166,Mag,Joddens,mjoddens4l@purevolume.com,Female,124.160.134.40
167,Eli,Duell,eduell4m@engadget.com,Male,10.100.150.194
168,Lorenzo,Britt,lbritt4n@techcrunch.com,Male,51.110.245.71
169,Niels,Zarfai,nzarfai4o@webeden.co.uk,Male,153.240.201.28
170,Elfreda,Shellard,eshellard4p@devhub.com,Female,88.232.32.171
171,Corena,Rudge,crudge4q@ucla.edu,Female,165.62.18.28
172,Tomaso,Albrooke,talbrooke4r@aboutads.info,Male,115.44.158.46
173,Krishnah,Harrap,kharrap4s@alibaba.com,Male,143.87.48.192
174,Siward,Pharoah,spharoah4t@intel.com,Male,252.55.9.183
175,Jewel,Jenkin,jjenkin4u@csmonitor.com,Male,184.203.158.238
176,Wyn,Skelding,wskelding4v@ezinearticles.com,Male,59.226.191.103
177,Tabatha,Maiklem,tmaiklem4w@imgur.com,Non-binary,225.164.101.112
178,Kameko,De Pietri,kdepietri4x@godaddy.com,Male,227.51.184.171
179,Kristel,Petrasek,kpetrasek4y@youku.com,Female,93.125.110.3
180,Lowrance,Pashba,lpashba4z@tumblr.com,Male,28.244.89.144
181,Kristoffer,Callacher,kcallacher50@elegantthemes.com,Male,152.100.215.165
182,Breanne,Hobble,bhobble51@example.com,Male,69.149.141.49
183,Kiley,Place,kplace52@weibo.com,Male,0.28.111.241
184,Jaimie,Brisse,jbrisse53@dyndns.org,Female,157.96.50.11
185,Aloisia,Hamnett,ahamnett54@sakura.ne.jp,Male,160.41.20.233
186,Wilone,Auguste,wauguste55@bbb.org,Male,71.243.116.214
187,Alene,Driffill,adriffill56@seesaa.net,Female,185.138.122.102
188,Barny,Sture,bsture57@umich.edu,Male,204.125.11.87
189,Byrom,Denziloe,bdenziloe58@xinhuanet.com,Non-binary,40.117.201.198
190,Adore,Giacopazzi,agiacopazzi59@kickstarter.com,Polygender,246.81.13.216
191,Glenden,Yellowlea,gyellowlea5a@fastcompany.com,Male,65.4.69.95
192,Byram,Cansdall,bcansdall5b@exblog.jp,Male,60.74.213.73
193,Cassaundra,Vaar,cvaar5c@bravesites.com,Male,172.52.31.221
194,Estele,Bullcock,ebullcock5d@networksolutions.com,Bigender,80.72.145.76
195,Chrissie,Wabb,cwabb5e@wiley.com,Bigender,89.195.213.60
196,Valentine,Grigore,vgrigore5f@nifty.com,Male,53.72.101.95
197,Fallon,Pilsbury,fpilsbury5g@mozilla.com,Male,7.226.228.66
198,Ethelda,Challace,echallace5h@drupal.org,Male,19.66.4.175
199,Charleen,Beckley,cbeckley5i@ow.ly,Male,24.183.43.22
200,Roger,Duddan,rduddan5j@fda.gov,Male,44.208.155.167
201,Dehlia,Dixie,ddixie5k@bbb.org,Male,74.176.194.255
202,Katya,Gummow,kgummow5l@a8.net,Female,6.131.32.89
203,Reynold,Doust,rdoust5m@bbb.org,Female,68.109.233.22
204,Annabella,Ingilson,aingilson5n@gravatar.com,Female,208.141.105.226
205,Thor,Tungay,ttungay5o@nifty.com,Male,218.112.142.2
206,Courtnay,Mogg,cmogg5p@livejournal.com,Female,226.236.229.50
207,Kasper,Maylin,kmaylin5q@hibu.com,Female,10.122.249.33
208,Valera,Denty,vdenty5r@blogs.com,Female,39.153.187.5
209,Axel,Simmans,asimmans5s@dropbox.com,Female,53.201.237.159
210,Curtis,Logue,clogue5t@tripadvisor.com,Male,251.163.74.70
211,Erik,Oxtiby,eoxtiby5u@java.com,Female,75.98.195.101
212,Leeland,Gerdts,lgerdts5v@theguardian.com,Female,193.184.2.54
213,Suellen,Ramalho,sramalho5w@networksolutions.com,Female,59.30.247.166
214,Hube,Liebermann,hliebermann5x@ning.com,Female,47.10.187.166
215,Augustine,Kenway,akenway5y@wikipedia.org,Male,9.12.144.13
216,Marylynne,Conan,mconan5z@indiegogo.com,Male,60.195.9.4
217,Aline,Burkett,aburkett60@ning.com,Female,48.241.99.148
218,Karyn,Burgoyne,kburgoyne61@seattletimes.com,Female,255.200.80.71
219,Yoshiko,Pettis,ypettis62@nps.gov,Male,80.151.144.252
220,Elsie,Kliche,ekliche63@blinklist.com,Female,185.116.56.144
221,Chanda,Bufton,cbufton64@squidoo.com,Female,87.6.134.66
222,Bo,Cosin,bcosin65@cloudflare.com,Male,160.197.212.127
223,Yehudi,Daysh,ydaysh66@miitbeian.gov.cn,Female,133.230.175.29
224,Addy,Berrington,aberrington67@quantcast.com,Agender,5.218.41.109
225,Hansiain,Grube,hgrube68@qq.com,Male,154.3.53.32
226,Chloette,Blampy,cblampy69@netvibes.com,Male,215.49.156.98
227,Beret,Gillbanks,bgillbanks6a@hao123.com,Male,63.86.105.123
228,Randi,Petrus,rpetrus6b@google.co.uk,Male,173.192.237.87
229,Rhett,Reedyhough,rreedyhough6c@i2i.jp,Male,172.35.82.218
230,Genny,Downing,gdowning6d@disqus.com,Female,134.169.31.44
231,Joceline,Abrahmovici,jabrahmovici6e@theguardian.com,Female,83.171.139.176
232,Isabelita,Peracco,iperacco6f@google.de,Female,55.19.53.177
233,Olivero,Sorey,osorey6g@wp.com,Male,108.97.35.59
234,Eddy,Probart,eprobart6h@blogs.com,Female,114.14.59.240
235,Oralia,Holtaway,oholtaway6i@weibo.com,Female,191.204.42.39
236,Marmaduke,Ammer,mammer6j@myspace.com,Polygender,113.171.128.185
237,Creigh,Tejada,ctejada6k@umn.edu,Male,47.50.170.128
238,Ryley,Deex,rdeex6l@netvibes.com,Male,146.79.43.173
239,Rosana,Whybray,rwhybray6m@wordpress.com,Female,10.84.94.196
240,Tallia,Tendahl,ttendahl6n@reddit.com,Male,214.73.206.237
241,Cathie,Lethlay,clethlay6o@europa.eu,Female,250.175.88.252
242,Roxi,Sterling,rsterling6p@free.fr,Non-binary,218.131.214.64
243,Beatriz,Prest,bprest6q@constantcontact.com,Male,200.161.169.254
244,Donnie,Huggard,dhuggard6r@xinhuanet.com,Genderqueer,173.149.183.173
245,Stanford,Hoyle,shoyle6s@goodreads.com,Female,183.90.224.81
246,Corrinne,Lomax,clomax6t@wix.com,Female,168.212.241.96
247,Theresita,Fulun,tfulun6u@miitbeian.gov.cn,Male,244.162.166.100
248,Doralynn,Houlison,dhoulison6v@vinaora.com,Agender,120.198.114.33
249,Veda,Featenby,vfeatenby6w@jigsy.com,Female,191.105.180.113
250,Angy,Sidaway,asidaway6x@comsenz.com,Female,225.216.137.214
251,Lisha,Stanluck,lstanluck6y@privacy.gov.au,Bigender,102.127.21.58
252,Frasco,Bootland,fbootland6z@yelp.com,Male,29.21.104.81
253,Elsinore,Darcey,edarcey70@amazon.de,Male,158.176.185.61
254,Anjela,Tunno,atunno71@wsj.com,Female,148.185.168.156
255,Seline,Dampier,sdampier72@com.com,Male,0.68.230.249
256,Pieter,Gensavage,pgensavage73@hud.gov,Female,12.201.127.177
257,Maurizia,Heugle,mheugle74@behance.net,Male,100.152.22.17
258,Heindrick,Drabble,hdrabble75@ebay.co.uk,Female,207.67.238.17
259,Blondelle,Lingfoot,blingfoot76@icio.us,Female,133.44.12.224
260,Launce,Leet,lleet77@cocolog-nifty.com,Male,19.251.130.93
261,Dall,Bitcheno,dbitcheno78@rakuten.co.jp,Female,34.237.131.195
262,Malva,Weems,mweems79@wsj.com,Female,175.150.207.200
263,Obadiah,Sands,osands7a@weather.com,Female,253.65.187.212
264,Torre,Riding,triding7b@illinois.edu,Male,136.215.185.202
265,Demetris,Grimme,dgrimme7c@ehow.com,Female,134.5.63.239
266,Josephine,Danilovich,jdanilovich7d@wikimedia.org,Female,125.96.207.45
267,Nappy,Fyndon,nfyndon7e@hp.com,Female,122.0.63.46
268,Jarad,Gallatly,jgallatly7f@weebly.com,Male,193.3.208.203
269,Annalise,Waleran,awaleran7g@quantcast.com,Female,235.186.3.130
270,Alphonse,Cadell,acadell7h@pagesperso-orange.fr,Female,253.47.223.56
271,Tricia,Fletham,tfletham7i@1688.com,Male,236.93.203.182
272,Clem,Najara,cnajara7j@yahoo.co.jp,Male,13.85.136.186
273,Yale,Killeley,ykilleley7k@opera.com,Female,131.123.10.223
274,Ruthie,Faircliff,rfaircliff7l@eventbrite.com,Female,111.27.193.43
275,Alvira,Cattrall,acattrall7m@springer.com,Male,239.203.177.188
276,Greg,Giraudo,ggiraudo7n@harvard.edu,Male,122.29.173.23
277,Martino,Childs,mchilds7o@sciencedaily.com,Female,175.31.164.164
278,Basia,Blaschke,bblaschke7p@tripod.com,Male,35.44.219.152
279,Van,Lukianovich,vlukianovich7q@ibm.com,Female,99.66.89.151
280,Gradeigh,Eveling,geveling7r@smh.com.au,Male,41.117.242.186
281,Holmes,Feehan,hfeehan7s@phpbb.com,Male,202.161.69.99
282,Toiboid,Ferrierio,tferrierio7t@domainmarket.com,Female,136.218.218.232
283,Lyndsie,Buckberry,lbuckberry7u@army.mil,Male,46.56.197.156
284,Giralda,Keuneke,gkeuneke7v@furl.net,Male,112.61.183.178
285,Alexio,Jefford,ajefford7w@alexa.com,Male,245.229.61.131
286,Darlleen,Hickisson,dhickisson7x@gravatar.com,Male,248.107.38.128
287,Phineas,Nassi,pnassi7y@usgs.gov,Female,7.115.213.75
288,Lise,Riha,lriha7z@epa.gov,Female,14.84.36.153
289,Deloria,Mussilli,dmussilli80@twitpic.com,Male,127.225.213.0
290,Casey,Drance,cdrance81@yahoo.com,Male,242.44.55.29
291,Ebonee,Mallall,emallall82@reverbnation.com,Bigender,203.250.127.189
292,Libbey,Greenless,lgreenless83@cam.ac.uk,Female,102.33.74.104
293,Anna-diana,Wimbridge,awimbridge84@cornell.edu,Female,205.222.82.104
294,Honey,Bondy,hbondy85@senate.gov,Female,254.38.11.77
295,Ashley,Lucus,alucus86@dagondesign.com,Bigender,173.128.231.21
296,Lorne,Schneidau,lschneidau87@independent.co.uk,Female,88.85.52.82
297,Elonore,Pratten,epratten88@skype.com,Genderqueer,188.71.139.79
298,Mohandas,Kyndred,mkyndred89@hexun.com,Male,210.197.121.142
299,Marcellina,Lorens,mlorens8a@webeden.co.uk,Male,247.31.100.113
300,Anthony,Skeen,askeen8b@aboutads.info,Male,220.13.204.234
301,Rea,Darracott,rdarracott8c@businesswire.com,Male,234.186.25.17
302,Dominga,Tedridge,dtedridge8d@yahoo.com,Male,36.202.30.200
303,Stephannie,Duffell,sduffell8e@liveinternet.ru,Female,186.11.115.92
304,Olivia,Kapiloff,okapiloff8f@huffingtonpost.com,Polygender,95.123.22.109
305,Milka,Ducaen,mducaen8g@yandex.ru,Female,84.51.141.23
306,Rahel,Shemelt,rshemelt8h@netlog.com,Male,129.93.200.121
307,Carmen,Roskams,croskams8i@buzzfeed.com,Female,25.144.119.112
308,Phillida,Lugsdin,plugsdin8j@bbc.co.uk,Female,252.113.238.154
309,Marga,Aiken,maiken8k@bandcamp.com,Male,201.206.238.16
310,Dorri,Housby,dhousby8l@goo.gl,Female,169.204.67.166
311,Maynard,Scamadin,mscamadin8m@plala.or.jp,Male,121.17.71.113
312,Legra,Gligoraci,lgligoraci8n@topsy.com,Female,242.20.213.155
313,Arabela,Gawthorp,agawthorp8o@auda.org.au,Male,83.90.250.35
314,Barbee,Sawle,bsawle8p@woothemes.com,Female,45.136.57.240
315,Jewell,Sprankling,jsprankling8q@digg.com,Male,56.79.23.206
316,Annmaria,Thyng,athyng8r@slashdot.org,Male,2.84.82.49
317,Omar,Blackater,oblackater8s@elpais.com,Female,2.23.77.145
318,Darrell,Dutnell,ddutnell8t@feedburner.com,Male,215.239.78.220
319,Nataline,MacMakin,nmacmakin8u@ameblo.jp,Male,243.241.124.30
320,Tani,Prout,tprout8v@netvibes.com,Female,158.31.179.0
321,Blancha,Flegg,bflegg8w@sohu.com,Male,93.22.247.38
322,Mildrid,Britian,mbritian8x@blogs.com,Agender,202.124.56.116
323,Shawn,Carson,scarson8y@a8.net,Male,180.235.163.237
324,Gael,Dietz,gdietz8z@pbs.org,Female,149.185.244.30
325,Leticia,Pill,lpill90@narod.ru,Male,243.158.25.194
326,Brent,Prickett,bprickett91@baidu.com,Female,56.252.245.200
327,Irene,Baxandall,ibaxandall92@google.com,Male,43.241.37.165
328,Ethelbert,Slayny,eslayny93@dropbox.com,Female,50.171.94.236
329,Artemus,Crone,acrone94@samsung.com,Female,211.136.13.165
330,Miran,Frere,mfrere95@shop-pro.jp,Female,85.183.66.49
331,Welch,Angove,wangove96@addtoany.com,Female,177.113.77.234
332,Amalle,McLugish,amclugish97@europa.eu,Female,11.102.200.83
333,Marleen,Deeks,mdeeks98@artisteer.com,Male,1.234.175.85
334,Estevan,Waberer,ewaberer99@vinaora.com,Female,235.195.228.72
335,Hewett,Peirazzi,hpeirazzi9a@51.la,Male,12.244.128.171
336,Horatio,Hue,hhue9b@cam.ac.uk,Male,190.108.237.32
337,Shannah,Kahn,skahn9c@tuttocitta.it,Male,3.148.240.140
338,Gaelan,Simmins,gsimmins9d@nydailynews.com,Male,11.3.88.63
339,Dyana,Dwerryhouse,ddwerryhouse9e@vkontakte.ru,Female,113.233.98.59
340,Orsa,McLaren,omclaren9f@columbia.edu,Genderfluid,254.160.131.94
341,Broderic,Howorth,bhoworth9g@si.edu,Male,233.60.64.138
342,Marcellus,Adney,madney9h@cargocollective.com,Female,92.41.165.118
343,Flori,Vennart,fvennart9i@bloomberg.com,Female,156.103.94.103
344,Christal,Brock,cbrock9j@yolasite.com,Male,52.210.89.226
345,Kylie,Lowe,klowe9k@usatoday.com,Female,163.98.216.252
346,Darrin,Gaynes,dgaynes9l@simplemachines.org,Female,111.196.247.221
347,Sydney,Tarney,starney9m@ca.gov,Male,48.124.33.172
348,Tedi,Bilston,tbilston9n@europa.eu,Female,83.161.153.69
349,Georgy,Nares,gnares9o@1688.com,Female,197.55.112.34
350,Shayne,McFade,smcfade9p@is.gd,Agender,12.41.98.54
351,Mariette,Drane,mdrane9q@accuweather.com,Genderqueer,151.231.2.34
352,Dalila,Roset,droset9r@ucsd.edu,Female,181.38.114.197
353,Gerta,Eul,geul9s@webeden.co.uk,Male,104.17.146.66
354,Zandra,Gainor,zgainor9t@europa.eu,Male,112.10.52.238
355,Ferdy,Pedri,fpedri9u@freewebs.com,Female,184.149.6.142
356,Prudy,Kent,pkent9v@wiley.com,Male,119.1.164.137
357,Margette,Splevings,msplevings9w@nbcnews.com,Male,250.202.247.16
358,Dennis,Utteridge,dutteridge9x@ovh.net,Male,83.164.46.229
359,Bambie,Preedy,bpreedy9y@soundcloud.com,Male,125.78.149.1
360,Julita,Gateland,jgateland9z@wordpress.com,Female,106.68.38.160
361,Taite,McBeith,tmcbeitha0@tamu.edu,Bigender,171.106.162.236
362,Park,Verdie,pverdiea1@usatoday.com,Female,135.232.101.228
363,Calv,McRavey,cmcraveya2@usda.gov,Male,2.199.82.140
364,Jaquenette,Reichhardt,jreichhardta3@ocn.ne.jp,Female,101.18.3.27
365,Armand,Blockley,ablockleya4@cocolog-nifty.com,Female,189.244.234.150
366,Danya,Lavigne,dlavignea5@mapquest.com,Female,44.103.60.185
367,Reynard,Henfre,rhenfrea6@youku.com,Female,158.37.75.187
368,Burl,Dagger,bdaggera7@issuu.com,Female,222.49.212.90
369,Cletis,Sommerville,csommervillea8@multiply.com,Male,51.231.226.46
370,Suzanne,Joris,sjorisa9@oakley.com,Female,118.213.93.41
371,Paula,Greiser,pgreiseraa@macromedia.com,Male,230.141.138.31
372,Saraann,Morando,smorandoab@shutterfly.com,Female,53.41.144.21
373,Kessia,Plessing,kplessingac@ameblo.jp,Male,163.220.114.21
374,Axe,Malam,amalamad@bloglovin.com,Male,13.9.211.62
375,Conrado,Marwick,cmarwickae@wufoo.com,Female,68.196.132.122
376,Nollie,MacCardle,nmaccardleaf@comsenz.com,Female,94.18.69.185
377,Clayborne,Gulliford,cgullifordag@netvibes.com,Female,7.13.104.10
378,Eadith,Nunnerley,enunnerleyah@multiply.com,Female,210.224.134.191
379,Hulda,Pasek,hpasekai@epa.gov,Male,135.197.229.199
380,Kristel,Hryncewicz,khryncewiczaj@hugedomains.com,Female,242.235.29.149
381,Meryl,Mallaby,mmallabyak@uiuc.edu,Genderfluid,90.28.141.42
382,Howie,Olliff,holliffal@ustream.tv,Female,146.80.183.232
383,Violante,Lilbourne,vlilbourneam@123-reg.co.uk,Male,85.3.108.153
384,Marmaduke,Hegarty,mhegartyan@so-net.ne.jp,Male,98.92.8.40
385,Jarrid,Bushnell,jbushnellao@free.fr,Male,47.195.140.33
386,Cathrin,Jaeggi,cjaeggiap@purevolume.com,Female,255.97.125.167
387,Catarina,Claughton,cclaughtonaq@networkadvertising.org,Female,12.18.6.131
388,Ignacius,Cunde,icundear@go.com,Male,3.142.77.90
389,Chad,Spadollini,cspadollinias@nyu.edu,Male,219.150.131.159
390,Catherine,Sawden,csawdenat@shareasale.com,Agender,129.172.78.127
391,Kennie,Comi,kcomiau@studiopress.com,Female,60.32.172.158
392,Maisie,Croasdale,mcroasdaleav@gov.uk,Female,49.42.253.194
393,Ethe,Muckleston,emucklestonaw@nytimes.com,Male,129.178.85.86
394,Lamar,Roby,lrobyax@yelp.com,Male,171.162.203.135
395,Nicoline,Clulow,ncluloway@slashdot.org,Non-binary,48.139.71.16
396,Fawnia,Ancell,fancellaz@yale.edu,Female,153.202.20.176
397,Coop,Steedman,csteedmanb0@princeton.edu,Female,42.217.117.106
398,Marty,Querrard,mquerrardb1@hud.gov,Male,253.251.45.139
399,Arlinda,McVicar,amcvicarb2@goo.ne.jp,Female,232.161.192.201
400,Julee,Lepard,jlepardb3@csmonitor.com,Bigender,162.47.53.200
401,Cyrill,Cannicott,ccannicottb4@pbs.org,Female,18.87.164.15
402,Stanford,Deware,sdewareb5@arstechnica.com,Male,156.171.68.164
403,Margarette,Messham,mmesshamb6@buzzfeed.com,Male,56.55.6.189
404,Helenelizabeth,Cullnean,hcullneanb7@japanpost.jp,Female,229.160.143.146
405,Marji,MacIntyre,mmacintyreb8@linkedin.com,Male,241.175.4.115
406,Ingelbert,Abrahams,iabrahamsb9@skyrock.com,Male,51.187.207.195
407,Neila,Hartley,nhartleyba@sciencedirect.com,Female,83.132.162.47
408,Reba,Rottger,rrottgerbb@deliciousdays.com,Male,253.175.153.152
409,Nathalie,Eplett,neplettbc@reddit.com,Agender,118.70.40.79
410,Bette-ann,Lethieulier,blethieulierbd@photobucket.com,Male,68.67.119.9
411,Gwenore,Harlick,gharlickbe@yelp.com,Female,135.99.14.222
412,Hynda,Van den Broek,hvandenbroekbf@google.es,Female,29.217.197.99
413,Mikol,Linstead,mlinsteadbg@mac.com,Male,144.16.207.121
414,Randy,Sallnow,rsallnowbh@mozilla.org,Male,136.225.118.2
415,Amye,Pinchin,apinchinbi@hibu.com,Female,182.210.6.91
416,Quinta,Duprey,qdupreybj@blogger.com,Female,251.5.33.193
417,Jonas,Hucks,jhucksbk@mtv.com,Male,27.205.4.229
418,Kiley,Truwert,ktruwertbl@wunderground.com,Male,105.96.184.251
419,Marylee,Box,mboxbm@google.nl,Non-binary,207.54.100.63
420,Edan,Peyro,epeyrobn@utexas.edu,Male,61.216.59.153
421,Carolin,Pook,cpookbo@usda.gov,Male,113.50.194.226
422,Easter,Castagnaro,ecastagnarobp@whitehouse.gov,Female,43.251.227.193
423,Mikaela,Grzelczyk,mgrzelczykbq@bigcartel.com,Male,155.30.5.26
424,Damiano,Ower,dowerbr@skype.com,Male,166.3.228.223
425,Ximenes,Durno,xdurnobs@amazonaws.com,Male,185.138.161.94
426,Boy,De Angelo,bdeangelobt@hc360.com,Female,207.75.177.11
427,Shawn,Neumann,sneumannbu@ycombinator.com,Female,119.138.148.55
428,Kalil,Gisburne,kgisburnebv@fc2.com,Male,209.230.186.201
429,Maisie,Ivanitsa,mivanitsabw@reference.com,Female,159.178.21.127
430,Anson,Scading,ascadingbx@ucsd.edu,Male,255.15.214.248
431,Corella,Reynoldson,creynoldsonby@craigslist.org,Male,156.83.144.32
432,Tally,Markson,tmarksonbz@artisteer.com,Female,78.112.74.55
433,Korry,Scougal,kscougalc0@umich.edu,Male,51.175.10.84
434,Fionna,Scudder,fscudderc1@fotki.com,Female,169.171.175.249
435,Kikelia,Abramow,kabramowc2@sina.com.cn,Female,213.51.123.78
436,Thalia,Eat,teatc3@shutterfly.com,Female,57.195.52.37
437,Phedra,Arboin,parboinc4@360.cn,Female,218.183.178.11
438,Rik,Sarrell,rsarrellc5@meetup.com,Female,169.15.68.197
439,Ambrosio,Fyfe,afyfec6@marriott.com,Female,74.81.181.153
440,Cort,Conyard,cconyardc7@spiegel.de,Male,34.113.178.45
441,Nealson,Noblett,nnoblettc8@ifeng.com,Female,242.198.228.54
442,Shay,Lamacraft,slamacraftc9@howstuffworks.com,Male,224.160.135.36
443,Barnebas,De Bruin,bdebruinca@theguardian.com,Male,205.65.204.200
444,Raddy,Farleigh,rfarleighcb@usa.gov,Male,155.142.39.228
445,Shay,Juleff,sjuleffcc@dropbox.com,Female,60.91.181.45
446,Yolane,Servis,yserviscd@nyu.edu,Female,165.56.217.50
447,Carree,Ivanikov,civanikovce@illinois.edu,Female,212.69.149.160
448,Cecilius,Antill,cantillcf@umich.edu,Female,173.75.7.128
449,Dukie,Hearson,dhearsoncg@barnesandnoble.com,Agender,205.234.174.100
450,Coriss,Hannibal,channibalch@narod.ru,Female,17.67.174.48
451,Karna,Joska,kjoskaci@techcrunch.com,Female,178.216.181.218
452,Lind,Stiffell,lstiffellcj@multiply.com,Genderfluid,109.31.83.35
453,Addie,Martignon,amartignonck@simplemachines.org,Male,239.245.163.79
454,Gerhardine,Ogilby,gogilbycl@myspace.com,Male,79.235.116.68
455,Dmitri,Gwyn,dgwyncm@technorati.com,Male,142.134.110.170
456,Biron,Margaritelli,bmargaritellicn@blinklist.com,Male,103.131.128.186
457,Collen,La Wille,clawilleco@stumbleupon.com,Female,227.209.12.180
458,Wilmer,Fley,wfleycp@sun.com,Male,215.39.201.140
459,Arleen,Ferrieres,aferrierescq@live.com,Female,152.18.169.156
460,Mufi,Sandeman,msandemancr@eepurl.com,Female,128.127.99.13
461,Mallory,Philippeaux,mphilippeauxcs@edublogs.org,Female,176.251.70.61
462,Joni,Pennaman,jpennamanct@biglobe.ne.jp,Female,31.46.221.227
463,Gloriane,Wrack,gwrackcu@nps.gov,Male,251.191.87.153
464,Heidi,Mithun,hmithuncv@psu.edu,Female,76.142.219.160
465,Emilie,Crossman,ecrossmancw@dot.gov,Female,151.9.183.221
466,Wally,Boyse,wboysecx@theguardian.com,Female,97.6.108.79
467,Avram,Frankowski,afrankowskicy@nba.com,Male,223.240.103.14
468,Renault,Hebbes,rhebbescz@jiathis.com,Female,186.42.97.12
469,Hyacinth,Alsobrook,halsobrookd0@ocn.ne.jp,Female,101.237.148.119
470,Stern,Hedge,shedged1@about.me,Female,112.46.228.3
471,Wynnie,Langthorne,wlangthorned2@fda.gov,Female,236.27.27.44
472,Billy,Skotcher,bskotcherd3@goodreads.com,Male,163.210.124.24
473,Carver,Brockett,cbrockettd4@narod.ru,Bigender,69.86.8.194
474,Stu,Murray,smurrayd5@themeforest.net,Male,253.5.164.83
475,Erma,Osler,eoslerd6@microsoft.com,Female,35.148.36.91
476,Wilmer,Harback,wharbackd7@youtu.be,Male,7.216.199.237
477,Roshelle,Machent,rmachentd8@ibm.com,Female,196.126.141.96
478,Lawrence,Tivolier,ltivolierd9@spotify.com,Male,182.49.125.85
479,Vanya,Butterworth,vbutterworthda@digg.com,Female,49.188.6.99
480,Meggie,Newbegin,mnewbegindb@about.com,Female,104.183.180.142
481,Hana,Drew-Clifton,hdrewcliftondc@miitbeian.gov.cn,Male,200.149.228.200
482,Neils,Podd,npodddd@youku.com,Male,74.17.123.90
483,Cort,Buswell,cbuswellde@flavors.me,Male,227.220.220.200
484,Clea,Crankhorn,ccrankhorndf@google.com,Female,113.96.216.157
485,Lyell,Thynne,lthynnedg@oakley.com,Male,211.251.229.233
486,Estevan,Crank,ecrankdh@go.com,Polygender,247.173.31.83
487,Reggis,Moorcroft,rmoorcroftdi@bloglovin.com,Female,124.84.158.187
488,Celine,Cutsforth,ccutsforthdj@over-blog.com,Female,157.114.113.181
489,Darline,Gladeche,dgladechedk@senate.gov,Female,140.34.79.240
490,Birdie,Olerenshaw,bolerenshawdl@ca.gov,Male,87.167.108.178
491,Thorsten,Escalero,tescalerodm@list-manage.com,Female,96.79.159.148
492,Hugibert,Crammy,hcrammydn@mtv.com,Female,82.107.80.140
493,Hamil,Hulburd,hhulburddo@addthis.com,Agender,26.39.161.219
494,Kaine,Levecque,klevecquedp@fema.gov,Female,179.128.66.216
495,Rozalie,Kneebone,rkneebonedq@xing.com,Polygender,244.221.119.179
496,Timoteo,McBratney,tmcbratneydr@economist.com,Male,206.216.250.74
497,Bartholemy,Whinney,bwhinneyds@google.nl,Male,133.145.65.99
498,Mord,Fairlaw,mfairlawdt@kickstarter.com,Female,0.48.2.138
499,Dulcea,Taylder,dtaylderdu@mapy.cz,Female,74.222.67.185
500,Naomi,Oxterby,noxterbydv@odnoklassniki.ru,Female,149.57.54.144
501,Lyndel,Musprat,lmuspratdw@i2i.jp,Genderqueer,147.195.116.161
502,Tammara,Hidderley,thidderleydx@senate.gov,Female,56.128.43.136
503,Webb,McCrisken,wmccriskendy@gnu.org,Male,251.107.99.32
504,Winston,Blanch,wblanchdz@mozilla.com,Male,3.39.247.86
505,Kessia,Llywarch,kllywarche0@phoca.cz,Non-binary,193.249.179.147
506,Giovanni,Cordelle,gcordellee1@geocities.jp,Female,79.27.247.235
507,Bethina,Vila,bvilae2@bluehost.com,Male,52.249.208.240
508,Thomasin,Rider,tridere3@vinaora.com,Male,25.234.232.137
509,Alexei,Moxom,amoxome4@jiathis.com,Male,118.1.12.87
510,Wendy,Blakesley,wblakesleye5@google.com.hk,Female,26.160.181.127
511,Even,Chaulk,echaulke6@imgur.com,Female,19.70.208.102
512,Shell,Edel,sedele7@reference.com,Genderfluid,81.18.71.39
513,Brett,Gjerde,bgjerdee8@time.com,Male,81.121.86.146
514,Janeta,Westrey,jwestreye9@weibo.com,Male,230.124.94.82
515,Frank,Hunnaball,fhunnaballea@japanpost.jp,Female,128.17.215.67
516,Gustave,Bratley,gbratleyeb@reverbnation.com,Male,210.94.226.175
517,Davon,Todman,dtodmanec@drupal.org,Male,144.210.156.2
518,Johan,Lewtey,jlewteyed@mozilla.com,Male,243.239.183.195
519,Vania,Kenworthey,vkenwortheyee@illinois.edu,Male,82.126.103.180
520,Lurline,McMarquis,lmcmarquisef@constantcontact.com,Male,157.160.192.17
521,Jilleen,Trussler,jtrusslereg@loc.gov,Female,188.226.85.245
522,Elisha,Waddington,ewaddingtoneh@ucsd.edu,Female,34.24.235.55
523,Tina,Orcas,torcasei@studiopress.com,Female,124.85.186.13
524,Caprice,Goodey,cgoodeyej@shinystat.com,Female,41.191.59.164
525,Roma,Cressor,rcressorek@uol.com.br,Female,67.76.154.14
526,Delaney,Le Conte,dleconteel@goodreads.com,Male,223.172.32.254
527,Carola,Dorcey,cdorceyem@technorati.com,Female,130.188.45.71
528,Allix,Norfolk,anorfolken@google.pl,Genderfluid,122.176.55.229
529,Alfie,Parade,aparadeeo@nps.gov,Male,70.136.71.152
530,Samaria,Dayce,sdayceep@google.nl,Male,237.180.252.36
531,Joby,Temlett,jtemletteq@tinypic.com,Male,163.68.207.174
532,Ashien,Wilber,awilberer@ow.ly,Male,124.211.166.131
533,Cob,Daniele,cdanielees@nhs.uk,Female,163.177.200.150
534,Eveline,Goulstone,egoulstoneet@fc2.com,Female,201.216.180.85
535,Augustin,Bunker,abunkereu@ning.com,Female,237.68.212.44
536,Gretal,Hearns,ghearnsev@ihg.com,Male,66.183.40.56
537,Denise,Tocqueville,dtocquevilleew@soundcloud.com,Female,147.32.252.176
538,Iris,Cordero,icorderoex@examiner.com,Male,236.58.95.68
539,Sharla,Thoumas,sthoumasey@cnet.com,Male,57.61.132.225
540,Kelwin,Smail,ksmailez@theguardian.com,Male,175.206.85.17
541,Worden,Soot,wsootf0@stumbleupon.com,Female,93.105.55.25
542,Kathy,Michael,kmichaelf1@techcrunch.com,Female,231.133.216.195
543,Violetta,Ancliff,vanclifff2@e-recht24.de,Female,16.221.29.76
544,Harp,Brimley,hbrimleyf3@gravatar.com,Male,26.213.175.79
545,Elmer,Hardwicke,ehardwickef4@symantec.com,Female,117.52.239.247
546,Kristian,Blakeman,kblakemanf5@stumbleupon.com,Female,11.254.18.91
547,Odele,Sirmon,osirmonf6@about.com,Polygender,146.0.11.19
548,Morley,Hatherell,mhatherellf7@mtv.com,Female,41.89.20.212
549,Nora,Staggs,nstaggsf8@mail.ru,Male,23.29.3.140
550,Nevins,Works,nworksf9@abc.net.au,Male,225.114.221.148
551,Leese,Jandourek,ljandourekfa@google.es,Non-binary,114.188.113.67
552,Alvira,Spaunton,aspauntonfb@unicef.org,Female,123.103.41.226
553,Pollyanna,Donnellan,pdonnellanfc@quantcast.com,Male,81.209.209.206
554,Susy,Cranfield,scranfieldfd@ocn.ne.jp,Female,14.126.57.157
555,Barthel,McGregor,bmcgregorfe@wordpress.com,Female,218.78.29.250
556,Samuel,Pridmore,spridmoreff@macromedia.com,Female,79.239.223.108
557,Starla,Stickney,sstickneyfg@slideshare.net,Polygender,126.22.46.237
558,Anjela,Sanson,asansonfh@over-blog.com,Female,91.133.162.118
559,Amelia,Lampett,alampettfi@youku.com,Male,249.83.160.53
560,Geoffry,Gonzalez,ggonzalezfj@techcrunch.com,Female,232.92.133.56
561,Florencia,Grunwall,fgrunwallfk@example.com,Male,111.166.16.236
562,Baron,Fassam,bfassamfl@wunderground.com,Female,80.168.138.124
563,Cad,Zupo,czupofm@youtu.be,Bigender,57.122.247.240
564,Addy,Blesli,ableslifn@europa.eu,Male,29.62.208.253
565,Madison,Stoodley,mstoodleyfo@vinaora.com,Female,161.208.143.98
566,Rutledge,Giotto,rgiottofp@histats.com,Male,139.212.87.125
567,Benjamen,Szwarc,bszwarcfq@wp.com,Male,0.193.111.73
568,Lydia,Awmack,lawmackfr@blogspot.com,Female,111.243.184.189
569,Fergus,Middler,fmiddlerfs@cdc.gov,Male,44.57.173.18
570,Fielding,Bolletti,fbollettift@biglobe.ne.jp,Male,94.236.28.226
571,Nicoli,Klassman,nklassmanfu@naver.com,Male,219.22.219.51
572,Lin,Maybury,lmayburyfv@slate.com,Agender,75.97.19.114
573,Korella,Hatchett,khatchettfw@t-online.de,Male,159.123.239.22
574,Luise,Northcott,lnorthcottfx@paypal.com,Agender,144.85.145.30
575,Carissa,Guitonneau,cguitonneaufy@dell.com,Male,119.119.115.65
576,Creigh,Barns,cbarnsfz@google.it,Male,194.89.243.195
577,Stanislas,Welch,swelchg0@boston.com,Male,80.96.173.203
578,Ramona,Dorrins,rdorrinsg1@toplist.cz,Male,13.175.24.122
579,Natividad,Hedgeman,nhedgemang2@usgs.gov,Male,192.146.12.103
580,Carree,Szymaniak,cszymaniakg3@theguardian.com,Female,11.167.44.107
581,Prentice,Parnham,pparnhamg4@msn.com,Non-binary,22.115.153.186
582,Jasen,Walsh,jwalshg5@taobao.com,Male,4.104.163.56
583,Catherine,Castenda,ccastendag6@tripod.com,Agender,9.138.45.188
584,Eward,Carnilian,ecarniliang7@bravesites.com,Female,178.169.147.101
585,Luther,Rowena,lrowenag8@smh.com.au,Female,192.59.38.68
586,Teddie,Hayley,thayleyg9@linkedin.com,Male,140.85.104.182
587,Terra,McGairl,tmcgairlga@auda.org.au,Female,144.17.240.173
588,Levon,Donaldson,ldonaldsongb@archive.org,Male,171.243.111.82
589,Orsa,Poulett,opoulettgc@tinypic.com,Female,117.135.93.190
590,Martainn,Hinsche,mhinschegd@globo.com,Female,59.117.38.200
591,Lottie,Climo,lclimoge@topsy.com,Female,96.35.70.82
592,Gwendolen,Ilden,gildengf@statcounter.com,Male,61.134.192.149
593,Eugen,McMarquis,emcmarquisgg@fotki.com,Male,155.26.169.129
594,Marice,Reichhardt,mreichhardtgh@slideshare.net,Female,84.5.164.115
595,Winifred,Gilstin,wgilstingi@msn.com,Bigender,219.109.167.184
596,Ruperto,Eversfield,reversfieldgj@soup.io,Male,122.81.128.224
597,Bryon,Jaan,bjaangk@google.co.jp,Female,37.151.57.72
598,Skippy,Louisot,slouisotgl@ehow.com,Female,58.78.33.98
599,Matthieu,Botwood,mbotwoodgm@msn.com,Female,200.104.220.242
600,Brigitta,Daspar,bdaspargn@people.com.cn,Female,190.103.98.132
601,Cassaundra,Gopsell,cgopsellgo@domainmarket.com,Female,199.95.128.128
602,Aylmar,Roskelley,aroskelleygp@vk.com,Male,186.154.190.121
603,Harriott,Richardot,hrichardotgq@skyrock.com,Male,25.212.4.46
604,Kissiah,Ronisch,kronischgr@goo.ne.jp,Male,229.167.167.160
605,Adey,Barber,abarbergs@arizona.edu,Male,235.110.159.135
606,Hendrick,Benterman,hbentermangt@csmonitor.com,Male,217.111.49.11
607,Gaye,Windas,gwindasgu@free.fr,Female,169.120.226.55
608,Urbain,Fillis,ufillisgv@hatena.ne.jp,Male,142.174.11.1
609,Bennie,Joules,bjoulesgw@themeforest.net,Female,34.112.71.89
610,Maison,Maryin,mmaryingx@spiegel.de,Male,56.246.63.145
611,Reube,Sallarie,rsallariegy@pbs.org,Male,40.18.245.230
612,Ardisj,Syratt,asyrattgz@cornell.edu,Male,35.127.179.9
613,Francoise,Wynes,fwynesh0@php.net,Female,174.54.163.186
614,Kevan,Croley,kcroleyh1@google.es,Male,183.73.170.153
615,Marius,Faill,mfaillh2@businessinsider.com,Female,226.111.214.148
616,Cathi,McRonald,cmcronaldh3@sphinn.com,Male,97.127.114.125
617,Nefen,Leil,nleilh4@163.com,Male,116.168.21.250
618,Concordia,Cianelli,ccianellih5@nytimes.com,Female,133.212.38.90
619,Pace,Enderle,penderleh6@dell.com,Male,186.55.25.160
620,Marietta,Rubroe,mrubroeh7@drupal.org,Bigender,71.148.149.156
621,Ransell,Gepheart,rgephearth8@umich.edu,Male,116.203.126.208
622,Corella,Nannini,cnanninih9@cnn.com,Female,163.181.208.224
623,Lucina,Kleisle,lkleisleha@gravatar.com,Male,58.208.190.49
624,Krystle,Hirsch,khirschhb@shareasale.com,Female,180.15.40.250
625,Wilmer,Vequaud,wvequaudhc@abc.net.au,Male,181.192.45.163
626,Portie,Stanaway,pstanawayhd@house.gov,Female,103.123.134.97
627,Andonis,Matzke,amatzkehe@ameblo.jp,Male,111.10.25.11
628,Bald,Luckings,bluckingshf@amazon.co.jp,Male,214.178.104.177
629,Merrile,Beers,mbeershg@so-net.ne.jp,Male,103.189.226.217
630,Moses,Klimp,mklimphh@toplist.cz,Genderfluid,196.237.105.106
631,Moselle,Meriet,mmeriethi@imageshack.us,Female,95.19.253.68
632,Demetri,Gration,dgrationhj@bloglovin.com,Male,77.94.136.225
633,Aube,Itchingham,aitchinghamhk@miibeian.gov.cn,Male,149.212.44.220
634,Bertrand,Billingham,bbillinghamhl@php.net,Male,17.109.232.11
635,Tallie,Slimon,tslimonhm@wiley.com,Agender,94.220.176.48
636,Suzette,Nipper,snipperhn@oracle.com,Male,71.163.204.240
637,Thoma,Abad,tabadho@sfgate.com,Female,184.250.219.254
638,Lyndell,Oleksinski,loleksinskihp@deviantart.com,Female,80.86.167.251
639,Augie,Spavins,aspavinshq@samsung.com,Male,155.241.17.86
640,Hervey,Fairpo,hfairpohr@bravesites.com,Male,211.62.72.111
641,Joscelin,Apfelmann,japfelmannhs@dagondesign.com,Male,111.18.239.113
642,Kelvin,Kibbee,kkibbeeht@de.vu,Male,199.167.76.47
643,Richy,Rechert,rrecherthu@china.com.cn,Female,101.91.19.254
644,Cara,Patria,cpatriahv@google.com.au,Agender,5.221.98.141
645,Sher,Megson,smegsonhw@fc2.com,Male,71.147.116.199
646,Kahlil,Gheorghescu,kgheorghescuhx@google.com.au,Female,49.234.73.139
647,Row,Vanelli,rvanellihy@icq.com,Male,150.243.217.199
648,Carmencita,Ceaplen,cceaplenhz@virginia.edu,Female,93.134.250.46
649,Angie,Ierland,aierlandi0@yolasite.com,Female,44.64.66.71
650,Archambault,Le Fevre,alefevrei1@yolasite.com,Female,115.23.20.139
651,Shoshanna,Wimmer,swimmeri2@barnesandnoble.com,Female,57.60.21.73
652,Johannah,Jamary,jjamaryi3@pinterest.com,Male,244.125.173.175
653,Che,Daspar,cdaspari4@scientificamerican.com,Non-binary,164.79.129.26
654,Misty,Poole,mpoolei5@jigsy.com,Female,189.113.34.140
655,Skipp,Lunk,slunki6@tripod.com,Female,31.182.236.227
656,Shae,Talby,stalbyi7@netscape.com,Female,32.117.66.239
657,Brendan,Osment,bosmenti8@weather.com,Male,135.47.150.50
658,Cleavland,Kears,ckearsi9@imageshack.us,Female,123.156.80.166
659,Cleve,Benneton,cbennetonia@google.nl,Male,233.47.60.241
660,Charita,Curtoys,ccurtoysib@amazon.co.uk,Female,161.54.32.119
661,Federico,Arp,farpic@slate.com,Female,148.215.245.217
662,Hilarius,Halbeard,hhalbeardid@shop-pro.jp,Male,244.83.28.221
663,Cory,Dow,cdowie@apache.org,Genderfluid,236.218.136.109
664,Marlo,Joinsey,mjoinseyif@google.ca,Male,177.132.65.182
665,Karine,Blas,kblasig@prnewswire.com,Female,192.32.58.10
666,Korella,Zanettini,kzanettiniih@delicious.com,Male,217.22.80.233
667,Marci,Espinola,mespinolaii@bbb.org,Female,221.9.8.131
668,Filippo,Caller,fcallerij@issuu.com,Male,115.19.45.195
669,Celestyn,Feirn,cfeirnik@ask.com,Male,7.253.122.229
670,Renault,Ruprecht,rruprechtil@github.io,Male,104.206.153.139
671,Tracey,Borthram,tborthramim@sfgate.com,Female,41.69.24.102
672,Antonina,Gwinnell,agwinnellin@photobucket.com,Male,124.218.144.181
673,Kendre,Dunkerly,kdunkerlyio@toplist.cz,Female,44.61.133.158
674,Jeremie,MacLennan,jmaclennanip@e-recht24.de,Female,193.26.109.123
675,Karole,McClarence,kmcclarenceiq@google.pl,Female,25.75.155.49
676,Val,Pennetta,vpennettair@home.pl,Female,132.117.124.26
677,Matthaeus,Burbank,mburbankis@yahoo.co.jp,Male,50.74.108.205
678,Joelynn,Tewkesbury,jtewkesburyit@youtu.be,Male,187.227.117.65
679,Micki,Abadam,mabadamiu@hatena.ne.jp,Male,46.197.66.32
680,Kelsey,Pellatt,kpellattiv@arizona.edu,Male,193.177.133.4
681,Bernelle,Sidebotham,bsidebothamiw@businesswire.com,Female,122.92.198.29
682,Crystal,Ronchka,cronchkaix@tinypic.com,Non-binary,222.187.238.114
683,Reggie,Standall,rstandalliy@de.vu,Female,230.152.158.67
684,Eal,Guynemer,eguynemeriz@google.co.jp,Female,172.24.185.7
685,Desdemona,Gutman,dgutmanj0@google.es,Female,24.169.75.69
686,Ruthy,Boomes,rboomesj1@hhs.gov,Male,115.85.158.61
687,Marget,Thalmann,mthalmannj2@umn.edu,Female,159.55.254.224
688,Sandy,Shafto,sshaftoj3@freewebs.com,Female,214.33.181.11
689,Florie,Bourchier,fbourchierj4@addtoany.com,Male,130.106.238.16
690,Padgett,Langthorne,plangthornej5@goodreads.com,Female,16.112.88.160
691,Jared,Grimshaw,jgrimshawj6@miibeian.gov.cn,Polygender,8.41.153.52
692,Ophelie,Kropach,okropachj7@sina.com.cn,Female,147.79.28.254
693,Verge,Carillo,vcarilloj8@hexun.com,Female,76.76.77.189
694,Ogdan,McKennan,omckennanj9@github.com,Genderqueer,108.61.95.245
695,Florentia,Boxell,fboxellja@dedecms.com,Female,17.61.28.179
696,Johannah,Feaster,jfeasterjb@cornell.edu,Female,88.18.1.100
697,Adrian,Atwel,aatweljc@w3.org,Male,76.182.27.204
698,Sofie,Burgon,sburgonjd@google.ca,Male,162.128.184.121
699,Raquela,Faro,rfaroje@spotify.com,Male,145.79.225.206
700,Hedvig,Kullmann,hkullmannjf@blogspot.com,Female,104.248.224.99
701,Camille,Deadman,cdeadmanjg@ycombinator.com,Male,237.179.31.218
702,Lexie,Gallacher,lgallacherjh@example.com,Male,41.135.101.149
703,Katya,Levensky,klevenskyji@gmpg.org,Female,63.107.188.64
704,Jeramie,Grew,jgrewjj@tamu.edu,Non-binary,48.7.214.115
705,Konstanze,Sigg,ksiggjk@unicef.org,Male,175.73.83.76
706,Darryl,Wilce,dwilcejl@adobe.com,Male,237.61.133.82
707,Kimbell,Ballister,kballisterjm@usnews.com,Agender,17.208.210.223
708,Nealy,Lenin,nleninjn@parallels.com,Female,94.236.77.112
709,Abraham,Wardlaw,awardlawjo@buzzfeed.com,Female,233.84.69.102
710,Kimberley,Vettore,kvettorejp@example.com,Female,70.41.62.99
711,Winn,Rudd,wruddjq@kickstarter.com,Female,119.165.131.154
712,Ainslee,Carmont,acarmontjr@irs.gov,Male,40.188.202.59
713,Amitie,Mylchreest,amylchreestjs@com.com,Female,105.109.219.156
714,Wiatt,Romera,wromerajt@apple.com,Female,208.228.215.162
715,Hynda,Dolle,hdolleju@yale.edu,Female,187.221.78.55
716,Irena,Shee,isheejv@wordpress.org,Female,150.169.241.12
717,Cloe,Brodie,cbrodiejw@amazon.co.jp,Female,114.72.57.113
718,Perry,Markson,pmarksonjx@lycos.com,Male,118.20.79.218
719,Carrie,Desborough,cdesboroughjy@time.com,Male,179.255.160.162
720,Jessalin,Rickert,jrickertjz@opensource.org,Female,170.226.255.189
721,Mala,O'Crevy,mocrevyk0@cdc.gov,Female,234.116.255.3
722,Esdras,Swallwell,eswallwellk1@opensource.org,Female,111.203.55.48
723,Port,Camfield,pcamfieldk2@linkedin.com,Male,166.166.88.109
724,Ramona,Alexandersen,ralexandersenk3@gov.uk,Female,228.205.250.140
725,Artair,Goldhawk,agoldhawkk4@chicagotribune.com,Female,65.235.237.194
726,Ashia,Santry,asantryk5@umn.edu,Male,134.45.16.94
727,Neddie,Hutchinson,nhutchinsonk6@simplemachines.org,Female,209.78.111.120
728,Windham,Livingstone,wlivingstonek7@vimeo.com,Female,98.37.226.204
729,Janek,Stede,jstedek8@home.pl,Male,138.62.104.192
730,Ripley,Trank,rtrankk9@wired.com,Bigender,45.46.57.105
731,Johan,Dibling,jdiblingka@wordpress.org,Male,134.7.6.35
732,Alameda,Beauly,abeaulykb@nih.gov,Male,130.184.202.251
733,Barth,Shrubshall,bshrubshallkc@hexun.com,Female,198.67.230.172
734,Nero,Rosewell,nrosewellkd@unesco.org,Female,12.116.196.204
735,Sigfrid,Diggar,sdiggarke@dion.ne.jp,Female,80.111.247.147
736,Ulrick,De Normanville,udenormanvillekf@rambler.ru,Female,129.63.49.188
737,Dennison,Pawnsford,dpawnsfordkg@wikispaces.com,Male,195.84.157.105
738,Megan,Watson,mwatsonkh@zdnet.com,Female,95.183.238.202
739,Teresa,Gander,tganderki@cmu.edu,Female,109.225.134.163
740,Lydon,Yelyashev,lyelyashevkj@networksolutions.com,Female,222.142.45.190
741,Spenser,Thonger,sthongerkk@netvibes.com,Female,207.61.61.8
742,Aurilia,Prozescky,aprozesckykl@myspace.com,Polygender,78.3.67.230
743,Beryl,Hammersley,bhammersleykm@netlog.com,Male,125.89.103.177
744,Lee,Matsell,lmatsellkn@wikimedia.org,Female,252.52.128.153
745,Alice,Stickells,astickellsko@guardian.co.uk,Male,166.26.199.134
746,Newton,O'Dunniom,nodunniomkp@dyndns.org,Male,85.146.110.139
747,Wittie,McKinn,wmckinnkq@weather.com,Male,11.99.250.89
748,Cindie,Andrysek,candrysekkr@harvard.edu,Female,99.86.75.182
749,Vanna,Ferenc,vferencks@walmart.com,Female,212.78.107.183
750,Ealasaid,Lorkin,elorkinkt@vimeo.com,Male,165.163.255.201
751,Trixy,Seeman,tseemanku@google.ca,Female,254.93.144.20
752,Julieta,Ould,jouldkv@symantec.com,Female,179.1.117.137
753,Betta,Merioth,bmeriothkw@house.gov,Male,26.1.100.46
754,Ivory,Raistrick,iraistrickkx@list-manage.com,Genderqueer,28.217.28.15
755,Duffie,Keling,dkelingky@independent.co.uk,Female,127.38.113.162
756,Abran,Spenceley,aspenceleykz@shop-pro.jp,Female,110.145.206.47
757,Arlena,Rodway,arodwayl0@yahoo.co.jp,Male,254.171.104.13
758,Wrennie,Cartmale,wcartmalel1@hc360.com,Female,76.240.204.172
759,Prisca,Leckenby,pleckenbyl2@mapy.cz,Male,208.4.55.209
760,Trever,Crankshaw,tcrankshawl3@cnbc.com,Male,111.48.79.179
761,Perren,Blinckhorne,pblinckhornel4@ycombinator.com,Female,170.172.66.152
762,Zulema,Bodesson,zbodessonl5@bravesites.com,Female,124.83.29.112
763,Alexa,Mercy,amercyl6@wikimedia.org,Female,187.152.106.113
764,Fidelia,Steel,fsteell7@arstechnica.com,Agender,179.182.201.93
765,Arabella,Alaway,aalawayl8@amazon.co.uk,Male,46.232.251.217
766,Hermy,Brelsford,hbrelsfordl9@drupal.org,Male,206.163.167.100
767,Grannie,Doppler,gdopplerla@wisc.edu,Non-binary,125.25.168.29
768,Eward,Ibberson,eibbersonlb@about.com,Female,49.44.63.0
769,Eleanore,McDowell,emcdowelllc@reference.com,Male,56.49.191.234
770,Chrissie,Pero,cperold@businessweek.com,Female,224.158.45.250
771,Bradney,Edmund,bedmundle@nbcnews.com,Male,158.40.130.238
772,Teirtza,Lawes,tlaweslf@cnbc.com,Male,43.46.124.146
773,Wenona,Exroll,wexrolllg@wikia.com,Female,7.55.32.62
774,Cliff,Ivimey,civimeylh@hud.gov,Male,58.199.33.74
775,Myrtice,Kahane,mkahaneli@vimeo.com,Male,159.109.116.240
776,Malva,Cannam,mcannamlj@blogspot.com,Male,101.76.125.225
777,Donnell,Berkery,dberkerylk@pinterest.com,Female,41.138.8.161
778,Tanhya,Otson,totsonll@theguardian.com,Male,248.176.255.110
779,Kaspar,Ghion,kghionlm@hugedomains.com,Female,186.237.243.238
780,Aundrea,McInnery,amcinneryln@vinaora.com,Female,92.61.212.6
781,Blythe,Rembrandt,brembrandtlo@huffingtonpost.com,Female,1.209.37.202
782,Elliott,Kubach,ekubachlp@etsy.com,Male,162.191.164.98
783,Rochella,Woollends,rwoollendslq@reference.com,Female,3.234.136.173
784,Ethelind,Bineham,ebinehamlr@examiner.com,Female,246.67.103.185
785,Guglielmo,Prettyjohns,gprettyjohnsls@etsy.com,Male,82.251.229.197
786,Loella,Foyle,lfoylelt@deliciousdays.com,Male,158.108.43.17
787,Neale,Apfel,napfellu@sbwire.com,Male,161.6.106.32
788,Bendick,Stoller,bstollerlv@yellowpages.com,Male,51.207.49.33
789,Rosabel,Lovstrom,rlovstromlw@buzzfeed.com,Female,113.234.7.66
790,Floris,Crowdace,fcrowdacelx@cyberchimps.com,Male,172.222.27.155
791,Deanne,Sabey,dsabeyly@yellowbook.com,Male,204.74.131.177
792,Jilleen,Courvert,jcourvertlz@yale.edu,Male,146.193.12.58
793,Latisha,Ridder,lridderm0@patch.com,Female,122.229.62.109
794,Henrie,Lenton,hlentonm1@1und1.de,Female,75.82.252.171
795,Laryssa,Kuschke,lkuschkem2@nhs.uk,Male,210.82.191.93
796,Beatriz,Basset,bbassetm3@boston.com,Female,116.57.80.227
797,Mallory,Sanger,msangerm4@jugem.jp,Female,71.253.192.22
798,Karlotte,Masson,kmassonm5@economist.com,Female,249.34.180.101
799,Harriette,Purnell,hpurnellm6@netvibes.com,Male,21.14.254.190
800,Amberly,Crosby,acrosbym7@independent.co.uk,Male,136.110.154.176
801,Norri,Gerhold,ngerholdm8@discovery.com,Female,214.219.239.21
802,Giordano,Dodson,gdodsonm9@seattletimes.com,Female,76.18.121.133
803,Fabien,Lynam,flynamma@issuu.com,Female,149.194.232.198
804,Georgine,Whotton,gwhottonmb@mtv.com,Male,29.50.95.39
805,Clare,Learie,cleariemc@ucla.edu,Male,237.61.224.242
806,Nickolai,Bresnen,nbresnenmd@bbb.org,Female,109.71.148.213
807,Charyl,Wixey,cwixeyme@exblog.jp,Female,59.157.179.228
808,Jocelin,O'Hagirtie,johagirtiemf@reddit.com,Female,80.173.35.246
809,Glen,Sulley,gsulleymg@bandcamp.com,Female,242.248.24.65
810,Chelsae,Brittian,cbrittianmh@utexas.edu,Male,240.81.67.43
811,Eberhard,MacLaughlin,emaclaughlinmi@nsw.gov.au,Female,150.26.160.11
812,Ingaborg,Preto,ipretomj@people.com.cn,Non-binary,110.76.207.109
813,Bertie,Dowsey,bdowseymk@sun.com,Female,250.137.117.72
814,Toiboid,Eberz,teberzml@liveinternet.ru,Female,58.234.6.217
815,Tera,Strother,tstrothermm@elpais.com,Male,121.170.17.253
816,Jeff,Crockford,jcrockfordmn@a8.net,Male,186.68.64.55
817,Zuzana,Carnihan,zcarnihanmo@facebook.com,Male,198.156.159.2
818,Star,Darth,sdarthmp@linkedin.com,Male,23.234.167.166
819,Lilian,Albertson,lalbertsonmq@fotki.com,Male,149.229.176.212
820,Clemente,Bansal,cbansalmr@dmoz.org,Polygender,54.243.72.91
821,Claiborn,Villar,cvillarms@xing.com,Male,29.11.227.150
822,Costa,Fermoy,cfermoymt@tripod.com,Female,43.177.160.27
823,Wilek,Stibbs,wstibbsmu@blogger.com,Male,223.249.88.170
824,Lurette,Liley,llileymv@yellowpages.com,Male,83.161.16.243
825,William,Yosevitz,wyosevitzmw@acquirethisname.com,Female,171.201.249.239
826,Patrice,Bleakley,pbleakleymx@wix.com,Male,193.240.233.248
827,Beryl,Cadney,bcadneymy@microsoft.com,Female,205.180.69.90
828,Munmro,Blaylock,mblaylockmz@google.cn,Male,235.49.6.233
829,Papageno,Bowdon,pbowdonn0@seattletimes.com,Genderqueer,106.248.40.63
830,Marena,McNea,mmcnean1@jigsy.com,Female,159.0.203.32
831,Noella,Hesey,nheseyn2@businessinsider.com,Male,13.0.251.235
832,Tucker,Pechold,tpecholdn3@csmonitor.com,Genderqueer,45.135.185.44
833,Mario,Jansky,mjanskyn4@ebay.co.uk,Male,241.58.2.62
834,Sibella,Pittle,spittlen5@ycombinator.com,Male,200.32.129.76
835,Clemmy,Slemming,cslemmingn6@cornell.edu,Female,1.99.83.115
836,Ysabel,Hembry,yhembryn7@mapquest.com,Male,75.113.44.169
837,Gabe,Attenbarrow,gattenbarrown8@theguardian.com,Male,249.4.169.61
838,Orren,Villa,ovillan9@ca.gov,Female,106.24.168.137
839,Dido,Edworthie,dedworthiena@constantcontact.com,Female,50.94.84.103
840,Nell,Verring,nverringnb@reddit.com,Female,242.103.119.205
841,Gert,Turfus,gturfusnc@rambler.ru,Female,49.57.172.196
842,Dominick,Vennard,dvennardnd@usgs.gov,Bigender,42.101.208.147
843,Raleigh,Lafford,rlaffordne@ucsd.edu,Female,84.148.76.195
844,Nahum,Broomer,nbroomernf@google.cn,Female,7.141.210.232
845,Ophelie,MacCathay,omaccathayng@google.cn,Female,153.157.254.39
846,Adler,Regnard,aregnardnh@businesswire.com,Male,220.232.179.123
847,Lynea,Mahaffey,lmahaffeyni@wisc.edu,Male,255.27.73.237
848,Pavla,Chifney,pchifneynj@example.com,Agender,50.172.99.136
849,Brena,Bisley,bbisleynk@booking.com,Genderfluid,248.190.158.224
850,Christiane,Dannohl,cdannohlnl@bbc.co.uk,Female,103.86.117.217
851,Neila,Brotherheed,nbrotherheednm@mail.ru,Male,27.174.84.230
852,Tyrus,Fever,tfevernn@intel.com,Male,226.222.61.81
853,Gallard,Trevithick,gtrevithickno@php.net,Male,82.193.18.217
854,Stephanus,Jancey,sjanceynp@cmu.edu,Female,149.114.16.158
855,Lewiss,Ashford,lashfordnq@admin.ch,Female,62.124.39.190
856,El,Boffin,eboffinnr@geocities.com,Female,235.98.130.237
857,Feodora,Tearle,ftearlens@shareasale.com,Female,25.21.172.238
858,Clerc,Rotge,crotgent@indiegogo.com,Female,100.1.154.247
859,Rickey,Conklin,rconklinnu@oaic.gov.au,Male,20.191.217.105
860,Thoma,Legrice,tlegricenv@bravesites.com,Non-binary,211.128.222.112
861,Pru,McDonogh,pmcdonoghnw@amazon.com,Genderfluid,2.38.141.177
862,Adolphe,O'Loughane,aoloughanenx@instagram.com,Female,10.235.106.51
863,Marybelle,Vasey,mvaseyny@google.cn,Female,220.87.9.186
864,Otha,Polsin,opolsinnz@123-reg.co.uk,Female,205.51.115.122
865,Carr,Roblett,crobletto0@hc360.com,Male,130.136.208.233
866,Eden,Le Monnier,elemonniero1@wufoo.com,Male,72.224.127.45
867,Arel,Ivashnyov,aivashnyovo2@guardian.co.uk,Male,120.14.51.91
868,Ophelie,Oswell,ooswello3@businessweek.com,Male,233.135.98.207
869,Lari,Vercruysse,lvercruysseo4@acquirethisname.com,Male,191.196.27.202
870,Dud,Gianinotti,dgianinottio5@blinklist.com,Genderqueer,223.82.232.84
871,Pepillo,Turton,pturtono6@opera.com,Male,16.145.21.242
872,Klement,Kristof,kkristofo7@stumbleupon.com,Female,107.81.174.13
873,Saul,Blankenship,sblankenshipo8@virginia.edu,Bigender,117.171.32.37
874,Dane,Basant,dbasanto9@businessinsider.com,Male,208.201.102.61
875,Aguie,Piller,apilleroa@dion.ne.jp,Male,47.227.88.133
876,Marthena,Skidmore,mskidmoreob@independent.co.uk,Female,36.88.187.154
877,Jerri,Trathen,jtrathenoc@smugmug.com,Male,144.79.115.139
878,Hannah,Clemmitt,hclemmittod@shop-pro.jp,Male,220.149.121.207
879,Demetra,Priddy,dpriddyoe@jimdo.com,Female,56.74.4.109
880,Dean,Loughnan,dloughnanof@cbsnews.com,Female,57.205.17.158
881,Orly,Vinas,ovinasog@apple.com,Male,149.29.69.153
882,Kristen,Hayesman,khayesmanoh@barnesandnoble.com,Female,189.47.120.154
883,Merridie,Rayhill,mrayhilloi@networksolutions.com,Male,146.236.25.90
884,Louisette,Coope,lcoopeoj@bloglines.com,Polygender,29.1.76.53
885,Wainwright,Onions,wonionsok@google.cn,Male,45.179.73.46
886,Wendie,Ashurst,washurstol@si.edu,Female,82.148.237.6
887,Jacquelynn,Tesyro,jtesyroom@statcounter.com,Female,75.40.109.66
888,Hal,Shout,hshouton@livejournal.com,Female,7.24.168.247
889,Mickey,Mulvaney,mmulvaneyoo@mac.com,Female,175.10.109.254
890,Mirilla,Hurry,mhurryop@sakura.ne.jp,Female,250.210.177.154
891,Emyle,Sleford,eslefordoq@squidoo.com,Female,211.173.196.91
892,Jonis,Haile,jhaileor@cnn.com,Female,146.118.89.161
893,Elisa,Giottini,egiottinios@sciencedaily.com,Male,73.164.44.153
894,Morse,Parffrey,mparffreyot@netscape.com,Female,12.18.132.66
895,Corrinne,Godson,cgodsonou@ask.com,Male,183.237.85.57
896,Giffard,Presnell,gpresnellov@ucoz.com,Female,216.3.194.87
897,Kevan,Gainforth,kgainforthow@ocn.ne.jp,Male,106.115.96.73
898,Issi,House,ihouseox@delicious.com,Male,6.137.78.66
899,Ingrid,Poppleton,ipoppletonoy@last.fm,Female,154.138.14.11
900,Ashely,Coneley,aconeleyoz@com.com,Female,187.117.210.140
901,Lesley,Taillard,ltaillardp0@amazon.co.jp,Male,64.187.249.71
902,Patton,Decaze,pdecazep1@independent.co.uk,Male,142.100.196.242
903,Katusha,Pickerell,kpickerellp2@globo.com,Female,182.143.240.77
904,Tyson,Kaygill,tkaygillp3@wix.com,Male,203.223.161.122
905,Regina,Zmitrovich,rzmitrovichp4@behance.net,Male,104.146.245.131
906,Reinhard,Sander,rsanderp5@patch.com,Female,175.3.192.48
907,Jaquelyn,Cannan,jcannanp6@1688.com,Male,244.45.45.198
908,Shayne,Poter,spoterp7@utexas.edu,Male,106.25.209.38
909,Leonid,Stoodale,lstoodalep8@timesonline.co.uk,Male,18.87.136.155
910,Vanessa,Vinden,vvindenp9@sfgate.com,Female,156.60.135.228
911,Maitilde,Collelton,mcolleltonpa@spotify.com,Female,110.92.37.100
912,Renie,McCarlich,rmccarlichpb@squarespace.com,Female,136.218.165.209
913,Flemming,Syphas,fsyphaspc@stanford.edu,Genderfluid,37.196.120.77
914,Sigismondo,Riddel,sriddelpd@multiply.com,Female,236.29.65.221
915,Jeannine,Sinkin,jsinkinpe@dailymail.co.uk,Female,70.191.179.127
916,Susanetta,Waddam,swaddampf@scribd.com,Male,200.197.63.134
917,Maurise,Jodlowski,mjodlowskipg@newyorker.com,Female,65.230.12.44
918,Ertha,Semens,esemensph@kickstarter.com,Female,17.138.21.65
919,Brenn,Stollberg,bstollbergpi@prnewswire.com,Polygender,129.71.35.174
920,Danny,Shelley,dshelleypj@guardian.co.uk,Female,117.210.21.222
921,Glennis,McCord,gmccordpk@engadget.com,Female,120.88.6.45
922,Hildagarde,Peaddie,hpeaddiepl@phpbb.com,Female,211.90.35.218
923,Jude,Soppit,jsoppitpm@meetup.com,Male,100.156.32.113
924,Betteanne,Fuentes,bfuentespn@ucoz.ru,Female,210.71.4.52
925,Clarissa,Currer,ccurrerpo@nifty.com,Female,219.0.19.159
926,Lars,Hunnicot,lhunnicotpp@desdev.cn,Male,64.15.190.149
927,Emilee,Sturney,esturneypq@sbwire.com,Male,90.156.251.152
928,Austina,Spreadbury,aspreadburypr@umn.edu,Male,186.251.30.184
929,Evonne,Welman,ewelmanps@shutterfly.com,Male,121.181.41.148
930,Benoite,Prevett,bprevettpt@google.de,Non-binary,235.208.152.107
931,Ailsun,Gorring,agorringpu@jigsy.com,Bigender,193.69.251.6
932,Candis,Badsworth,cbadsworthpv@gravatar.com,Female,17.159.48.14
933,Salmon,Mebius,smebiuspw@vkontakte.ru,Male,91.238.255.251
934,Rodina,Dinjes,rdinjespx@last.fm,Female,189.238.27.134
935,Ernestus,Ribbon,eribbonpy@purevolume.com,Female,112.204.229.121
936,Jeanine,Varlow,jvarlowpz@wikimedia.org,Female,26.208.52.228
937,Tyson,Pedder,tpedderq0@exblog.jp,Male,5.66.187.133
938,Courtnay,Stampfer,cstampferq1@accuweather.com,Male,191.52.231.248
939,Ellwood,Georghiou,egeorghiouq2@shutterfly.com,Male,224.22.43.199
940,Grady,Bristow,gbristowq3@google.de,Female,73.95.52.75
941,Elton,Hartley,ehartleyq4@mit.edu,Female,83.166.243.101
942,Tabb,Feifer,tfeiferq5@over-blog.com,Male,214.132.49.79
943,Nalani,O'Corrin,nocorrinq6@paypal.com,Female,216.191.165.186
944,Murdock,Tott,mtottq7@kickstarter.com,Female,120.165.80.199
945,Julie,Angeli,jangeliq8@apache.org,Female,83.241.193.34
946,Gayelord,Azemar,gazemarq9@joomla.org,Female,182.65.154.208
947,Marcille,Tschersich,mtschersichqa@bizjournals.com,Female,81.68.216.5
948,Alikee,Oxburgh,aoxburghqb@freewebs.com,Female,219.246.43.153
949,York,McDonald,ymcdonaldqc@washington.edu,Male,188.171.137.92
950,Elora,Sleany,esleanyqd@ted.com,Female,155.51.141.183
951,Skelly,Stotherfield,sstotherfieldqe@stanford.edu,Female,206.160.187.130
952,Matias,Brabbins,mbrabbinsqf@dropbox.com,Female,214.70.69.145
953,Tammy,Hambribe,thambribeqg@discovery.com,Male,49.218.104.73
954,Dela,Medeway,dmedewayqh@boston.com,Male,23.117.93.251
955,Ted,Bosdet,tbosdetqi@hugedomains.com,Non-binary,61.129.113.46
956,Udell,Tasker,utaskerqj@google.it,Male,28.134.172.146
957,Emlynne,Dines,edinesqk@cornell.edu,Genderqueer,130.241.233.22
958,Inigo,Boodell,iboodellql@mediafire.com,Male,114.91.251.239
959,Larry,Beilby,lbeilbyqm@upenn.edu,Male,24.136.245.11
960,Zelig,Sibbit,zsibbitqn@yahoo.co.jp,Male,57.139.238.180
961,Josiah,Jacobssen,jjacobssenqo@shop-pro.jp,Female,198.150.77.225
962,Nadiya,Lardier,nlardierqp@gizmodo.com,Female,32.152.145.40
963,Janeczka,Lebang,jlebangqq@hexun.com,Genderqueer,123.237.11.92
964,Selby,Cello,scelloqr@digg.com,Female,251.129.95.96
965,Reggi,Klessmann,rklessmannqs@biglobe.ne.jp,Female,196.125.136.196
966,Wandis,Longmore,wlongmoreqt@pbs.org,Female,204.250.123.38
967,Laural,Mewburn,lmewburnqu@biglobe.ne.jp,Non-binary,213.108.166.84
968,Haley,Ivanchenkov,hivanchenkovqv@hud.gov,Female,200.251.176.196
969,Den,Twydell,dtwydellqw@rediff.com,Polygender,96.164.240.220
970,Sondra,Fogt,sfogtqx@cdc.gov,Male,150.201.46.34
971,Tori,Styche,tstycheqy@prnewswire.com,Female,1.5.229.189
972,Bent,Bartoshevich,bbartoshevichqz@army.mil,Male,151.61.184.77
973,Sibby,Trenholme,strenholmer0@wisc.edu,Male,38.56.115.117
974,Carissa,Dunsmore,cdunsmorer1@barnesandnoble.com,Male,187.45.83.189
975,Lisha,Munnion,lmunnionr2@de.vu,Male,212.222.172.60
976,Ramonda,Gealy,rgealyr3@dailymail.co.uk,Male,231.230.224.77
977,Normand,Clayson,nclaysonr4@ebay.com,Female,135.203.231.141
978,Hugh,Hannent,hhannentr5@behance.net,Male,178.76.69.202
979,Euell,Brabender,ebrabenderr6@last.fm,Male,168.236.180.41
980,Skippy,Littleover,slittleoverr7@bigcartel.com,Polygender,243.11.177.210
981,Nolan,Huffy,nhuffyr8@clickbank.net,Female,176.1.220.7
982,Fulton,Cubbit,fcubbitr9@aboutads.info,Male,157.35.115.188
983,Grethel,Brockie,gbrockiera@fastcompany.com,Male,137.137.93.200
984,Merlina,Gagie,mgagierb@nydailynews.com,Male,151.82.69.151
985,Roth,Angell,rangellrc@mayoclinic.com,Female,89.64.171.106
986,Bernardine,Bouldon,bbouldonrd@arizona.edu,Female,253.0.171.37
987,Corey,Measures,cmeasuresre@stanford.edu,Female,67.149.141.100
988,Dena,Jager,djagerrf@photobucket.com,Male,112.72.207.215
989,Lisetta,Fowells,lfowellsrg@bbb.org,Female,155.188.95.31
990,Garik,Grassot,ggrassotrh@clickbank.net,Female,65.50.212.13
991,Doro,Look,dlookri@wordpress.com,Female,251.183.156.49
992,Milzie,Osgar,mosgarrj@purevolume.com,Genderfluid,135.49.10.84
993,Leone,Reitenbach,lreitenbachrk@cocolog-nifty.com,Male,58.181.213.179
994,Iago,Iverson,iiversonrl@gravatar.com,Male,171.225.24.205
995,Aubrey,Feavyour,afeavyourrm@purevolume.com,Female,70.85.96.13
996,Philippine,Eloy,peloyrn@usnews.com,Male,176.65.209.32
997,Herschel,Seiter,hseiterro@cbsnews.com,Genderqueer,1.235.28.36
998,Lon,Yitzhakof,lyitzhakofrp@artisteer.com,Female,175.19.20.73
999,Orella,Readmire,oreadmirerq@vkontakte.ru,Female,200.63.193.160
1000,Caterina,Cobleigh,ccobleighrr@discuz.net,Bigender,81.76.207.240
